Date,Close,High,Low,Open,Volume,EMA_9,EMA_21,RSI,MACD,MACD_Signal,MACD_Hist,TR,+DI,-DI,ADX
2024-03-05,78.1500015258789,79.48999786376953,77.5199966430664,78.73999786376953,436521.0,78.1500015258789,78.1500015258789,,0.0,0.0,0.0,,,,
2024-03-06,79.12999725341797,80.66999816894531,77.98999786376953,78.1500015258789,371049.0,78.34600067138672,78.23909204656427,,0.07817629735353648,0.015635259470707298,0.06254103788282919,2.6800003051757812,,,
2024-03-07,78.93000030517578,79.52999877929688,78.0199966430664,79.12999725341797,432923.0,78.46280059814454,78.30190188825622,,0.12258046268694045,0.03702430011395393,0.08555616257298651,1.5100021362304688,,,
2024-03-08,78.01000213623047,79.98999786376953,77.55999755859375,79.51000213623047,347533.0,78.37224090576173,78.27536554716298,,0.08258295523815207,0.04613603113879356,0.036446924099358506,2.4300003051757812,,,
2024-03-11,77.93000030517578,78.47000122070312,76.79000091552734,77.80000305175781,329873.0,78.28379278564455,78.24396870698232,,0.0439228480048115,0.04569339451199715,-0.0017705465071856524,1.6800003051757812,,,
2024-03-12,77.55999755859375,78.7300033569336,77.33999633789062,78.08999633789062,309922.0,78.1390337402344,78.18178951167427,,-0.01638284369172993,0.03327814687125174,-0.04966099056298167,1.3900070190429688,,,
2024-03-13,79.72000122070312,79.9000015258789,77.56999969482422,78.05999755859375,316390.0,78.45522723632814,78.3216269397678,,0.1088637907734551,0.04839527565169241,0.060468515121762684,2.3400039672851562,,,
2024-03-14,81.26000213623047,81.62000274658203,79.56999969482422,79.62999725341797,297450.0,79.01618221630861,78.58875195762803,,0.32859995872102843,0.10443621226555962,0.22416374645546883,2.0500030517578125,,,
2024-03-15,81.04000091552734,81.44999694824219,80.48999786376953,81.13999938964844,185078.0,79.42094595615235,78.81159277198252,,0.47946324125952344,0.17944161806435238,0.30002162319517106,0.9599990844726562,,,
2024-03-18,82.72000122070312,83.08999633789062,81.01000213623047,81.02999877929688,84718.0,80.08075700906251,79.16690263095711,,0.7262141195443377,0.28879611836034946,0.4374180011839882,2.0799942016601562,,,
2024-03-19,83.47000122070312,83.8499984741211,82.38999938964844,82.8499984741211,76814.0,80.75860585139064,79.55809341184312,,0.9710905726786478,0.42525500922400916,0.5458355634546387,1.4599990844726562,,,
2024-03-20,81.68000030517578,83.20999908447266,81.44000244140625,83.19999694824219,351161.0,80.94288474214767,79.75099403850972,,1.0090866885944934,0.5420213450981061,0.4670653434963873,2.029998779296875,,,
2024-03-21,81.06999969482422,81.91999816894531,80.30000305175781,81.48999786376953,266860.0,80.96830773268299,79.87090364362922,,0.9786951445279186,0.6293561049840686,0.34933903954385004,1.6199951171875,,,
2024-03-22,80.62999725341797,81.44999694824219,80.41999816894531,80.83999633789062,231101.0,80.90064563682999,79.93991215361001,,0.9086309748532955,0.685211078957914,0.22341989589538147,1.029998779296875,,,
2024-03-25,81.94999694824219,82.4800033569336,80.58999633789062,80.8499984741211,300360.0,81.11051589911243,80.12264713494021,64.54821559281716,0.9486817466343211,0.7379052124931954,0.21077653414112574,1.8900070190429688,30.85489837286157,11.371737335361367,
2024-03-26,81.62000274658203,82.36000061035156,81.22000122070312,81.94000244140625,235845.0,81.21241326860635,80.25877037236219,60.032251242465904,0.9429250446592903,0.7789091789264144,0.16401586573287585,1.1399993896484375,27.86957714556046,12.113477267417455,
2024-03-27,81.3499984741211,81.73999786376953,80.55000305175781,81.29000091552734,249964.0,81.23993030970931,80.35797292706755,59.69549694946753,0.9061304211530796,0.8043534273717475,0.10177699378133209,1.1899948120117188,28.252508380376895,15.156681026787396,
2024-03-28,83.16999816894531,83.20999908447266,81.5199966430664,81.70999908447266,293774.0,81.62594388155651,80.61361158542007,69.28247835346644,1.0121616129087982,0.8459150644791578,0.16624654842964048,1.8600006103515625,35.43138313662123,15.53693204332099,
2024-04-01,83.70999908447266,84.48999786376953,82.5999984741211,83.13999938964844,321059.0,82.04275492213974,80.89510135806121,70.88148098330906,1.1267768747776188,0.90208742653885,0.2246894482387688,1.8899993896484375,40.68909435794137,12.036609115146627,
2024-04-02,85.1500015258789,85.5,83.8499984741211,84.04000091552734,344040.0,82.66420424288758,81.28191046422646,75.45271032628301,1.3186063843906908,0.9853912181092183,0.3332151662814725,1.7900009155273438,43.20622359919801,11.830240860666553,
2024-04-03,85.43000030517578,86.19999694824219,84.8499984741211,85.45999908447266,322549.0,83.21736345534522,81.6590095406764,71.91096038396387,1.4762093913033567,1.083554852748046,0.39265453855531063,1.3499984741210938,43.01706847367977,12.354502694024582,
2024-04-04,86.58999633789062,87.22000122070312,84.63999938964844,85.66000366210938,359534.0,83.8918900318543,82.10728106769587,71.0671682163684,1.6753999276332365,1.2019238677250843,0.4734760599081522,2.5800018310546875,38.95940606115195,12.068194214400448,
2024-04-05,86.91000366210938,87.62999725341797,86.31999969482422,86.86000061035156,353206.0,84.49551275790532,82.54389221264255,73.0196048394866,1.8378956622722882,1.3291182266345252,0.508777435637763,1.30999755859375,40.13786803965185,11.886288438601737,
2024-04-08,86.43000030517578,87.0999984741211,84.69000244140625,86.0999984741211,393734.0,84.88241026735942,82.8971747665092,66.06058724485314,1.9059715892879723,1.4444888991652147,0.46148269012275756,2.4099960327148438,32.611515564620845,18.641163633913276,
2024-04-09,85.2300033569336,86.9800033569336,85.08999633789062,86.58999633789062,314994.0,84.95192888527426,83.10925009291141,57.33333757188315,1.8418607033090098,1.5239632599939739,0.3178974433150359,1.8900070190429688,28.85741047231624,18.306891336149654,
2024-04-10,86.20999908447266,86.37999725341797,84.55000305175781,85.33999633789062,373939.0,85.20354292511394,83.39113636487151,70.24127699264196,1.8488178084760705,1.5889341696903934,0.2598836387856771,1.8299942016601562,29.100119317614894,16.736709753404917,
2024-04-11,85.0199966430664,86.62999725341797,84.83999633789062,86.31999969482422,388128.0,85.16683366870444,83.53921457198014,66.7799299677582,1.7382704133981974,1.6188014184319544,0.11946899496624308,1.7900009155273438,29.937397544704435,11.857991943103505,
2024-04-12,85.66000366210938,87.66999816894531,85.23999786376953,85.5999984741211,369958.0,85.26546766738544,83.7320135801737,71.01087171982488,1.6829045479657054,1.6316220443387046,0.05128250362700082,2.6500015258789062,32.107965631024335,11.106721714474457,42.638171415817304
2024-04-15,85.41000366210938,86.11000061035156,84.05000305175781,85.93000030517578,343894.0,85.29437486633023,83.88455813307694,65.87157709951663,1.6004053138181433,1.6253786982345924,-0.02497338441644903,2.05999755859375,27.894339662907495,15.656507573673776,41.34964250537903
2024-04-16,85.36000061035156,86.18000030517578,84.75,85.69999694824219,241343.0,85.30750001513451,84.01868926737463,67.60824634138106,1.5135420770800323,1.6030113740036804,-0.08946929692364813,1.4300003051757812,27.852487379839925,15.482077951159548,40.57388129465486
2024-04-17,82.69000244140625,85.51000213623047,82.55000305175781,85.36000061035156,259540.0,84.78400050038886,83.89789955592295,55.14593987081607,1.2152471849382493,1.5254585361905943,-0.310211351252345,2.9599990844726562,26.079140984922063,19.999939623486572,39.361355928721046
2024-04-18,82.7300033569336,83.47000122070312,81.55999755859375,82.79000091552734,84468.0,84.3732010716978,83.79172717419664,48.04272998966232,0.9708823460665172,1.414543298165779,-0.4436609520992618,1.910003662109375,20.75403625126871,23.518808444658124,37.019346719476246
2024-04-19,83.13999938964844,86.27999877929688,81.80000305175781,82.62000274658203,76901.0,84.12656073528794,83.73247919378316,47.43474675029924,0.8010704624255567,1.2918487310177347,-0.490778268592178,4.4799957275390625,24.014450737387122,21.51770338142142,33.529414156802936
2024-04-22,82.8499984741211,83.3499984741211,81.8499984741211,83.05000305175781,313914.0,83.87124828305457,83.65225367381389,38.453807724067346,0.6357639795602239,1.1606317807262325,-0.5248678011660086,1.5,20.895511435237434,21.724673694652083,29.596273001047386
2024-04-23,83.36000061035156,83.43000030517578,80.87999725341797,82.12999725341797,355814.0,83.76899874851397,83.62568521349912,39.842994852597094,0.5396891109227369,1.0364432467655333,-0.4967541358427965,2.5500030517578125,17.862834917659725,23.987206952751535,26.686135858886924
2024-04-24,82.80999755859375,83.70999908447266,82.44000244140625,83.4000015258789,329077.0,83.57719851052993,83.55153179032591,30.271440312438273,0.4143915873665662,0.91203291488574,-0.4976413275191738,1.2699966430664062,16.178409011830645,25.03325797061108,24.456630211948752
2024-04-25,83.56999969482422,83.83000183105469,81.98999786376953,82.83000183105469,314116.0,83.57575874738879,83.55321069073484,33.33333333333333,0.3721285517170969,0.8040520422520114,-0.4319234905349145,1.8400039672851562,14.556745151016841,26.071291039816355,22.602104911107865
2024-04-26,83.8499984741211,84.45999908447266,83.3499984741211,83.80999755859375,244090.0,83.63060669273526,83.5801913983154,36.86354426288606,0.3571117904915724,0.7146639918999237,-0.3575522014083513,1.1100006103515625,17.355631910309402,21.660387469965944,21.443212373970493
2024-04-29,82.62999725341797,83.91000366210938,82.4000015258789,83.69000244140625,336984.0,83.43048480487181,83.49381011241563,36.78860244233378,0.24395483699107956,0.6205221609181549,-0.37656732392707537,1.5100021362304688,17.583919380352658,25.233622153501624,21.12150534876116
2024-04-30,81.93000030517578,83.30000305175781,80.94999694824219,82.76000213623047,400680.0,83.1303879049326,83.35164558448473,27.61509915805435,0.09667877969370409,0.5157534846732648,-0.4190747049795607,2.350006103515625,17.273010034945777,27.881677760543983,20.873034037384762
2024-05-01,79.0,81.56999969482422,78.83000183105469,81.4800033569336,441978.0,82.30431032394608,82.95604144044066,23.362871890433894,-0.2535424152364243,0.361894304691327,-0.6154367199277513,3.0999984741210938,15.722632845676417,33.59373932859857,20.371658101497637
2024-05-02,78.94999694824219,79.9000015258789,78.41000366210938,79.1500015258789,359652.0,81.6334476488053,82.59185557751353,18.674124614790628,-0.5290317155044022,0.18370910065218118,-0.7127408161565834,1.4899978637695312,12.821355280657656,36.33286866990718,20.31699124937188
2024-05-03,78.11000061035156,79.62999725341797,77.95999908447266,79.06999969482422,324438.0,80.92875824111455,82.18441421686244,17.699110264301055,-0.8058503142867721,-0.014202782335609485,-0.7916475319511627,1.6699981689453125,12.992775223748886,34.281815706610736,21.52646498487685
2024-05-06,78.4800033569336,79.08999633789062,77.91000366210938,78.16000366210938,297369.0,80.43900726427836,81.84764959323253,20.39588800681787,-0.9840316148671491,-0.2081685488419174,-0.7758630660252317,1.17999267578125,12.863049193769221,34.751050097055824,22.770985822772875
2024-05-07,78.37999725341797,79.16999816894531,77.55000305175781,78.72000122070312,327593.0,80.02720526210629,81.53240847143121,26.18784474495513,-1.1203960083103652,-0.390614040735607,-0.7297819675747582,1.6199951171875,13.48801440677849,29.767978389832265,24.51693909067882
2024-05-08,78.98999786376953,79.2699966430664,76.88999938964844,78.33999633789062,355449.0,79.81976378243894,81.30128023437105,30.56132297682474,-1.1658051452727562,-0.5456522616430369,-0.6201528836297193,2.3799972534179688,13.262015009650304,28.092721255257622,26.632462109433675
2024-05-09,79.26000213623047,79.80000305175781,78.91000366210938,79.2300033569336,272712.0,79.70781145319725,81.11570949817644,29.535919650078668,-1.166557773348714,-0.6698333639841724,-0.49672440936454165,0.8899993896484375,5.887174752496866,32.21589384969526,31.1764051524269
2024-05-10,78.26000213623047,79.95999908447266,78.13999938964844,79.58999633789062,281169.0,79.41824958980389,80.85609973799953,27.477976619203275,-1.233625413313078,-0.7825917738499535,-0.45103363946312447,1.8199996948242188,5.811149942286904,34.90723262549481,36.14150543530981
2024-05-13,79.12000274658203,79.48999786376953,77.77999877929688,78.18000030517578,287701.0,79.35860022115952,80.69827273877975,29.886189007463614,-1.2035088385185162,-0.866775186783666,-0.33673365173485015,1.7099990844726562,6.015051012440955,33.584013573573344,40.06908748349037
2024-05-14,78.0199966430664,79.37999725341797,77.68000030517578,79.2300033569336,307410.0,79.0908795055409,80.4547930937149,28.404000850307966,-1.2539478056861952,-0.9442097105641719,-0.3097380951220233,1.6999969482421875,4.759968230145485,33.401769381787055,43.89533362341177
2024-05-15,78.62999725341797,78.91999816894531,76.69999694824219,78.44000244140625,321267.0,78.99870305511632,80.28890256277882,27.422328844504264,-1.230514494172013,-1.00147066728574,-0.2290438268862729,2.220001220703125,4.686886372814062,35.03034805473439,47.32800133982294
2024-05-16,79.2300033569336,79.8499984741211,78.19999694824219,78.83999633789062,230277.0,79.04496311547977,80.19263899861106,29.4849695841244,-1.1502683701220775,-1.0312302078530076,-0.11903816226906994,1.6500015258789062,5.773062641014912,34.28236740035399,51.623810538155674
2024-05-17,80.05999755859375,80.13999938964844,79.0,79.37999725341797,94152.0,79.24797000410257,80.1805806858822,38.17849384631042,-1.0080786400915827,-1.0265998943007226,0.01852125420913997,1.1399993896484375,7.022507341613416,30.979189985524958,54.85061559774145
2024-05-20,79.80000305175781,80.5999984741211,79.16999816894531,80.01000213623047,85072.0,79.35837661363362,80.14598271914362,39.78909839417212,-0.9059286568227947,-1.0024656468051372,0.0965369899823425,1.4300003051757812,9.208370089565998,26.125042716702826,56.59227356039075
2024-05-21,79.26000213623047,79.72000122070312,78.08000183105469,79.69999694824219,371672.0,79.338701718153,80.06543902978787,51.61692545508202,-0.8586496414625486,-0.9737024457366196,0.11505280427407094,1.720001220703125,9.770153323309204,23.165385318495463,56.9089437956497
2024-05-22,77.56999969482422,78.41000366210938,77.25,78.20999908447266,314145.0,78.98496131348725,79.83858090842753,42.871926474192904,-0.9466375063328059,-0.9682894578558568,0.021651951523050994,2.0100021362304688,9.550597361559694,24.416650950674644,56.61849478079173
2024-05-23,76.87000274658203,78.66000366210938,76.43000030517578,77.29000091552734,330273.0,78.56196960010621,79.56871016644158,43.50107043262752,-1.0606261882837202,-0.9867568039414296,-0.07386938434229062,2.2300033569335938,9.324927045893887,25.400873356822437,56.70858201971167
2024-05-24,77.72000122070312,78.05000305175781,76.1500015258789,77.04000091552734,299075.0,78.3935759242256,79.40064571682899,46.20757867518234,-1.0700405059702547,-1.0034135443471948,-0.06662696162305992,1.9000015258789062,9.049987221856686,25.593808755246382,56.83604545925994
2024-05-28,79.83000183105469,80.29000091552734,77.69000244140625,77.80999755859375,334074.0,78.68086110559142,79.43967809084951,56.026615981638734,-0.8969030650872725,-0.9821114484952104,0.0852083834079379,2.5999984741210938,17.519702009083783,23.189002618924683,55.142487370642435
2024-05-29,79.2300033569336,80.62000274658203,78.98999786376953,80.26000213623047,259594.0,78.79068955585986,79.4206167514026,50.99835860172671,-0.798896081532348,-0.9454683751026379,0.1465722935702899,1.6300048828125,19.39149952676106,21.21704427770862,52.90200869916158
2024-05-30,77.91000366210938,79.41999816894531,77.62999725341797,79.27999877929688,373779.0,78.61455237710976,79.28328828873958,44.83550686441217,-0.8183048754108313,-0.9200356751642766,0.10173079975344534,1.7900009155273438,16.63404392678054,25.792568345759836,49.50829871526947
2024-05-31,76.98999786376953,78.62000274658203,76.66999816894531,77.91000366210938,345120.0,78.28964147444172,79.07480734101503,45.11160994839736,-0.8975765596514407,-0.9155438520617095,0.017967292410268842,1.9500045776367188,16.54983420634588,26.401848403903706,46.04262460006306
2024-06-03,74.22000122070312,77.5199966430664,73.9800033569336,76.97000122070312,443271.0,77.475713423694,78.63346133007758,33.55704354335671,-1.170423605045798,-0.9665198026585272,-0.20390380238727068,3.5399932861328125,15.448922178539416,33.11519355525776,43.66812282991591
2024-06-04,73.25,74.12999725341797,72.4800033569336,74.0199966430664,408721.0,76.6305707389552,78.14405575461598,33.85241121464432,-1.448233511720872,-1.0628625444709963,-0.38537096724987574,1.7399978637695312,15.426491296816563,38.14878559748105,41.336564926346526
2024-06-05,74.06999969482422,74.33000183105469,72.81999969482422,72.9000015258789,307701.0,76.11845653012901,77.77368702190763,34.779710082925135,-1.5839736793382144,-1.16708477144444,-0.41688890789377453,1.5100021362304688,16.579741635384458,35.506658093550435,38.475051553636504
2024-06-06,75.55000305175781,75.79000091552734,74.05999755859375,74.30000305175781,291082.0,76.00476583445477,77.57153393371219,38.39848066265121,-1.5542088855583671,-1.2445095942672253,-0.3096992912911418,1.7300033569335938,18.49926030052771,35.40113817359415,35.63097873359962
2024-06-07,75.52999877929688,76.25,75.20999908447266,75.66999816894531,280253.0,75.90981242342319,77.38593982876534,34.95017322017161,-1.5147728906786426,-1.298562253549509,-0.2162106371291337,1.0400009155273438,19.202082977157627,35.53313138111592,33.25921949053406
2024-06-10,77.73999786376953,78.29000091552734,75.2300033569336,75.3499984741211,317031.0,76.27584951149247,77.41812692285663,43.94116393093157,-1.2903171513057856,-1.2969132331007645,0.006596081794978836,3.05999755859375,23.65553767766157,33.49731831590238,31.0694220100059
2024-06-11,77.9000015258789,78.36000061035156,77.22000122070312,78.12000274658203,314874.0,76.60067991436976,77.46193370494956,45.90854464111112,-1.0869932211866313,-1.2549292307179378,0.1679360095313065,1.1399993896484375,24.39899720173513,30.283429026947328,28.932996608849702
2024-06-12,78.5,79.31999969482422,77.87999725341797,78.22000122070312,322285.0,76.98054393149582,77.55630336813596,52.99420451190317,-0.8674433324604109,-1.1774320510664325,0.3099887186060215,1.44000244140625,28.424905128655855,27.87542125839128,25.876578108834842
2024-06-13,78.62000274658203,78.88999938964844,77.66999816894531,78.37000274658203,307638.0,77.30843569451307,77.65300331163105,55.85283803038283,-0.6759730486032964,-1.0771402505738052,0.4011672019705088,1.220001220703125,29.516925119940197,26.62605589741268,22.937661313131837
2024-06-14,78.44999694824219,79.1500015258789,77.7300033569336,77.95999908447266,245827.0,77.5367479452589,77.7254572785957,52.55779512403764,-0.5318190374876082,-0.9680760079565659,0.4362569704689577,1.4199981689453125,31.07323773880281,26.036389928491808,20.15662884440196
2024-06-17,80.33000183105469,80.66000366210938,77.9800033569336,78.4800033569336,126733.0,78.09539872241805,77.96223405609197,51.78062376171985,-0.26284534539212245,-0.8270298754436772,0.5641845300515548,2.6800003051757812,28.15761517391567,25.955935764582115,19.452494671098975
2024-06-18,81.56999969482422,81.66999816894531,79.7699966430664,80.43000030517578,140709.0,78.7903189168993,78.29021275052217,57.97000218279335,0.04980162581406944,-0.6516635751921279,0.7014652010061974,1.9000015258789062,30.466361257613354,25.688045300398617,19.739192902782182
2024-06-20,82.16999816894531,82.41000366210938,81.12999725341797,81.5199966430664,420499.0,79.4662547673085,78.64292051583337,65.25783596608969,0.34204854277656693,-0.45292115159838897,0.7949696943749559,1.2800064086914062,33.95712906432425,20.896651336496927,19.897969857414655
2024-06-21,80.7300033569336,81.79000091552734,80.3499984741211,81.2699966430664,290500.0,79.71900448523353,78.83265531956975,62.91437381054247,0.4522475549054974,-0.2718874102976117,0.724134965203109,1.8199996948242188,34.130114638210706,20.297773544540767,20.0748723043984
2024-06-24,81.62999725341797,81.77999877929688,80.2300033569336,80.44999694824219,271745.0,80.10120303887042,79.08695913173777,79.38140836957949,0.6052263788866696,-0.09646465246075545,0.701691031347425,1.5499954223632812,37.016593036922956,11.09218984314838,21.325574910130637
2024-06-25,80.83000183105469,81.9000015258789,80.55000305175781,81.69999694824219,286038.0,80.24696279730728,79.2454175589484,80.46623932252953,0.6543671174995183,0.0537017015312993,0.600665415968219,1.3499984741210938,38.15906128802209,4.796856716783047,23.843734910321043
2024-06-26,80.9000015258789,81.62999725341797,80.18000030517578,80.72000122070312,308410.0,80.3775705430216,79.39583428321481,79.21300429699942,0.6909945422961385,0.18116026968426716,0.5098342726118714,1.4499969482421875,37.39169929874366,6.412459315959383,26.299778011860685
2024-06-27,81.73999786376953,82.04000091552734,80.51000213623047,80.86000061035156,306342.0,80.65005600717119,79.60894006326524,78.00903790188111,0.7788249158312368,0.3006931989136611,0.4781317169175757,1.529998779296875,33.12941595443971,6.468513571687474,28.869165100920032
2024-06-28,81.54000091552734,82.72000122070312,80.97000122070312,81.86000061035156,260252.0,80.82804498884242,79.78449104983451,76.75871997239013,0.8228082164239652,0.40511620241572194,0.41769201400824324,1.75,33.0649084019731,6.273827712138599,31.60252980916885
2024-07-01,83.37999725341797,83.63999938964844,81.37999725341797,81.44999694824219,345780.0,81.33843544175754,80.11135525016029,75.96688304389366,0.9946716701511491,0.5230272959628074,0.4716443741883417,2.2600021362304688,29.311134998766374,6.494057341308433,34.92435182684871
2024-07-02,82.80999755859375,84.37999725341797,82.72000122070312,83.43000030517578,367787.0,81.63274786512478,80.35668636910879,71.78351438789747,1.072517173397003,0.6329252714496465,0.4395919019473564,1.6599960327148438,31.53156101814297,6.349188685321973,38.90413165686022
2024-07-03,83.87999725341797,83.93000030517578,82.45999908447266,83.19999694824219,289685.0,82.08219774278342,80.67698735859143,72.91313979943891,1.2066409231237714,0.7476684017844715,0.4589725213392999,1.470001220703125,27.377926399539753,7.455004870522552,42.91982188605787
2024-07-05,83.16000366210938,84.5199966430664,83.0199966430664,83.5999984741211,361357.0,82.29775892664861,80.90271611345669,68.39550520116853,1.2405373531116055,0.8462421920498984,0.39429516106170714,1.5,29.551248094266,6.477557559626864,47.12648055163686
2024-07-08,82.33000183105469,83.31999969482422,82.08000183105469,83.1500015258789,251774.0,82.30420750752984,81.03246936051106,64.92313073526408,1.1867462350622446,0.9143430006523676,0.272403234409877,1.2399978637695312,28.668953532615507,10.53751765355706,49.799795993849735
2024-07-09,81.41000366210938,82.4800033569336,81.25,82.22000122070312,297325.0,82.12536673844575,81.06679066065635,54.48507130717786,1.0576878557622678,0.9430119716743477,0.11467588408792007,1.2300033569335938,23.69258567803952,15.00680192334314,51.112339724961664
2024-07-10,82.0999984741211,82.66000366210938,80.80999755859375,81.80999755859375,334380.0,82.12029308558083,81.1607186436986,52.306356124652396,0.9995626392545347,0.9543221051903852,0.04524053406414952,1.850006103515625,19.143136327597958,17.046478794875718,50.91836035292378
2024-07-11,82.62000274658203,83.12999725341797,81.62999725341797,82.4000015258789,324170.0,82.22023501778108,81.29338083486982,51.97198044568904,0.9841137347880391,0.960280431109916,0.023833303678123086,1.5,17.734627163197118,16.87724969917939,49.394610161376214
2024-07-12,82.20999908447266,83.73999786376953,82.0999984741211,82.86000061035156,370062.0,82.2181878311194,81.3767097666519,57.12909143829878,0.9280880760800585,0.9538419601039446,-0.02575388402388612,1.6399993896484375,20.655114506890406,13.466786441473369,49.084077427091266
2024-07-15,81.91000366210938,82.58000183105469,81.47000122070312,82.16000366210938,296520.0,82.1565509973174,81.42519102987531,51.43152913569981,0.8496855681735553,0.9330106817178668,-0.08332511354431149,1.1100006103515625,21.07703385871311,16.109568585030733,46.189160545783565
2024-07-16,80.76000213623047,81.93000030517578,80.22000122070312,81.91999816894531,308186.0,81.87724122510001,81.36471931227123,49.654492501263405,0.686838061986677,0.8837761577716289,-0.19693809578495192,1.7099990844726562,20.182603797208618,21.552515487844005,40.87603574880331
2024-07-17,82.8499984741211,83.0999984741211,80.44999694824219,80.8499984741211,257437.0,82.07179267490423,81.49974469062121,58.024692908481015,0.7181471246977793,0.850650351156859,-0.13250322645907975,2.6500015258789062,24.19907892424905,18.83115725003666,36.71550884014355
2024-07-18,82.81999969482422,83.81999969482422,82.04000091552734,83.11000061035156,95704.0,82.22143407888824,81.61976787282148,54.76192078064848,0.7320999393030547,0.8269402687860983,-0.09484032948304355,1.779998779296875,25.26760053480898,18.62953891676349,32.98642478960919
2024-07-19,80.12999725341797,82.87999725341797,80.06999969482422,82.47000122070312,83795.0,81.80314671379419,81.48433418014844,44.90236792804641,0.5201015230633459,0.7655725196415478,-0.24547099657820193,2.80999755859375,21.38461769269141,25.891023132595794,28.802755565317423
2024-07-22,79.77999877929688,80.69000244140625,79.16999816894531,80.38999938964844,345235.0,81.39851712689473,81.32939459825283,35.413282948782225,0.32015870872271535,0.6764897574577814,-0.35633104873506605,1.5200042724609375,18.166399406925116,30.502743777145668,26.061452119801704
2024-07-23,76.95999908447266,78.7300033569336,76.4000015258789,78.2699966430664,417941.0,80.51081351841032,80.93217682427282,29.952011646470623,-0.06509741729905727,0.5281723225064137,-0.5932697398054709,3.3799972534179688,14.021224675239992,39.346180000174286,24.702591829054033
2024-07-24,77.58999633789062,78.19000244140625,76.9800033569336,77.44999694824219,355971.0,79.92665008230638,80.6283422346017,27.773826783999496,-0.315938220407574,0.35935021392361616,-0.6752884343311902,1.2300033569335938,14.155024386751615,38.68784169209292,23.933329517812727
2024-07-25,78.27999877929688,78.47000122070312,76.04000091552734,77.5,457288.0,79.59731982170449,80.41485646593763,32.71952347606573,-0.4538225497917239,0.19671566118054815,-0.650538210972272,2.4300003051757812,11.388008105643673,40.912554825283124,23.391139494785527
2024-07-26,77.16000366210938,78.5999984741211,76.19000244140625,78.3499984741211,365121.0,79.10985658978547,80.1189607564987,32.06106061905625,-0.6460241556684281,0.028167697810752915,-0.674191853479181,2.4099960327148438,11.376110006599074,35.70642434036554,23.7789860813355
2024-07-29,75.80999755859375,77.69000244140625,75.3499984741211,77.30000305175781,362635.0,78.44988478354712,79.72723682941643,31.132050251194272,-0.8969401553603262,-0.15685387282346291,-0.7400862825368633,2.3400039672851562,10.930853117249717,34.34415607649085,25.8696491983276
2024-07-30,74.7300033569336,75.97000122070312,74.58999633789062,75.91000366210938,419478.0,77.70590849822442,79.27294287737253,25.804342794853895,-1.169458608181742,-0.35937481989511877,-0.8100837882866232,1.3800048828125,11.115059392455244,36.07028560845979,29.2335155748524
2024-07-31,77.91000366210938,78.66000366210938,75.18000030517578,75.23999786376953,460315.0,77.74672753100141,79.1490393123486,36.83621784852681,-1.1159678148718797,-0.5106934188904709,-0.6052743959814088,3.9300003051757812,17.54616889744204,33.179428620891656,31.257955036073266
2024-08-01,76.30999755859375,78.87999725341797,76.23999786376953,78.58999633789062,383014.0,77.45938153651989,78.8909446074618,34.53877536984382,-1.1889773062642917,-0.646350196365235,-0.5426271098990566,2.6399993896484375,15.740713674639041,32.12006013871269,32.197690234079396
2024-08-02,73.5199966430664,77.29000091552734,72.97000122070312,76.87000274658203,467786.0,76.6715045578292,78.40267661069859,30.551675619503655,-1.4551930513999736,-0.8081187673721828,-0.6470742840277908,4.319999694824219,14.277416046295148,36.77961836242247,34.391580638864134
2024-08-05,72.94000244140625,74.45999908447266,71.66999816894531,74.20999908447266,500151.0,75.92520413454461,77.90606986803564,31.38094634317538,-1.6934505880187771,-0.9851851315015018,-0.7082654565172753,2.7900009155273438,13.844401951804777,35.8045624240087,37.31647046134146
2024-08-06,73.19999694824219,74.55999755859375,72.19999694824219,73.86000061035156,352250.0,75.38016269728413,77.47824505714533,24.830447865977305,-1.840080713450945,-1.1561642478913905,-0.6839164655595544,2.3600006103515625,10.928630182673416,36.09854186143364,40.24842003298662
2024-08-07,75.2300033569336,75.83999633789062,72.58000183105469,72.83999633789062,427995.0,75.35013082921404,77.27385944803517,32.07369628159783,-1.772054451903017,-1.2793422886937158,-0.4927121632093012,3.2599945068359375,12.010842861437354,34.646756989291895,42.633641572573346
2024-08-08,76.19000244140625,76.5199966430664,74.5999984741211,75.47000122070312,327301.0,75.51810515165249,77.17532699288708,39.86626578321603,-1.6219820470639092,-1.3478702403677545,-0.27411180669615476,1.9199981689453125,14.202145153518444,30.019507962529076,44.50765392392632
2024-08-09,76.83999633789062,77.08999633789062,75.8499984741211,76.0199966430664,263007.0,75.78248338890012,77.1448423878874,42.55318162142106,-1.4340684612503196,-1.3651098845442675,-0.0689585767060521,1.2399978637695312,15.91353066693504,27.729457323673287,44.630989083791405
2024-08-12,80.05999755859375,80.16000366210938,76.69999694824219,76.98999786376953,376747.0,76.63798622283885,77.40985649431525,57.696126470714134,-1.0136338626080743,-1.2948146801570288,0.2811808175489545,3.4600067138671875,24.474926408724386,19.91040857739486,41.975979541011114
2024-08-13,78.3499984741211,80.1500015258789,78.16000366210938,79.73999786376953,370763.0,76.9803886730953,77.49532394702487,51.79076900508998,-0.8090923363635909,-1.1976702113983413,0.3885778750347504,1.9899978637695312,23.96489600008033,19.495497674153945,39.39439842602293
2024-08-14,76.9800033569336,79.0999984741211,76.83000183105469,78.7300033569336,357636.0,76.98031160986297,77.44847662065294,47.03197206037329,-0.7489059381258727,-1.1079173567438476,0.3590114186179749,2.2699966430664062,24.07049972852717,20.655489214208032,35.90752161881809
2024-08-15,78.16000366210938,78.5999984741211,76.93000030517578,77.5199966430664,195122.0,77.21625002031224,77.51316089714898,52.27686791692433,-0.5990857335310125,-1.0061510321012805,0.4070652985702681,1.6699981689453125,24.20579332083717,21.085205773802286,32.70853607920343
2024-08-16,76.6500015258789,78.16000366210938,75.54000091552734,78.16000366210938,100810.0,77.10300032142558,77.43469186339715,51.898744218885106,-0.5953340543764369,-0.9239876365563119,0.32865358217987495,2.6200027465820312,24.016739126409814,22.454681713777028,29.254807841513923
2024-08-19,74.37000274658203,76.87000274658203,74.16999816894531,76.58000183105469,118172.0,76.55640080645688,77.1560837618685,49.228128788934626,-0.7674905154456582,-0.8926882123341812,0.125197696888523,2.7000045776367188,23.163844591052527,23.29836989162031,25.497798846368088
2024-08-20,74.04000091552734,75.02999877929688,73.5,74.33999633789062,329276.0,76.05312082827098,76.8728035031102,40.54713249098132,-0.9199495353937692,-0.8981404769460988,-0.02180905844767045,1.529998779296875,17.02616836497693,26.83348499234098,24.89361370679423
2024-08-21,71.93000030517578,74.16000366210938,71.45999908447266,73.12000274658203,390527.0,75.22849672365194,76.42345775784344,39.561487754596634,-1.1972328671145505,-0.9579589549797891,-0.23927391213476135,2.7000045776367188,16.365214694173666,32.64427834868631,24.821702291126257
2024-08-22,73.01000213623047,73.5199966430664,71.58000183105469,71.93000030517578,334117.0,74.78479780616766,76.11314361042407,48.6767130316626,-1.314679971061068,-1.029303158196045,-0.2853768128650229,1.9399948120117188,17.565501120780496,24.96150035525474,22.91588972342478
2024-08-23,74.83000183105469,75.06999969482422,72.83000183105469,72.95999908447266,313764.0,74.79383861114506,75.99649435775413,54.60750827850906,-1.2465296640695271,-1.0727484593707415,-0.17378120469878566,2.2399978637695312,22.727300992347644,21.316628065271278,19.985320014472645
2024-08-26,77.41999816894531,77.5999984741211,75.04000091552734,75.0999984741211,409675.0,75.31907052270512,76.12590379513514,59.23818278749527,-0.9723206881724025,-1.0526629051310736,0.08034221695867116,2.7699966430664062,29.95979867459595,21.046131758810937,17.41058324276843
2024-08-27,75.52999877929688,77.4800033569336,75.4000015258789,77.19999694824219,331162.0,75.36125617402347,76.07173061187711,50.660783179563424,-0.8971732003825537,-1.0215649641813698,0.12439176379881611,2.0800018310546875,26.983648880184674,21.843892231667947,14.697111192658387
2024-08-28,74.5199966430664,75.94999694824219,73.81999969482422,75.75,337361.0,75.19300426783205,75.93066388743978,46.32965635518717,-0.9086427384757485,-0.9989805190402455,0.09033778056449704,2.1299972534179688,24.633087913810716,26.739010408501297,12.435038662857167
2024-08-29,75.91000366210938,76.91000366210938,74.05000305175781,74.41999816894531,408147.0,75.33640414668753,75.92878568513702,48.02045028032903,-0.7963901900100012,-0.9584624532341968,0.16207226322419555,2.8600006103515625,24.605631354405062,25.42477280213364,10.618126669644312
2024-08-30,73.55000305175781,76.58999633789062,73.36000061035156,75.87000274658203,427273.0,74.9791239277016,75.71253271846618,35.6164535965693,-0.887629521923742,-0.9442958669721059,0.056666345048363875,3.2299957275390625,15.398748480472543,27.71161204526356,11.923656742359642
2024-09-03,70.33999633789062,74.41000366210938,70.0999984741211,73.52999877929688,546617.0,74.0512984097394,75.22412032023203,33.40240782681252,-1.2050668044789035,-0.9964500544734655,-0.208616750005438,4.310005187988281,14.379484174500492,35.178348276137534,14.186873273470335
2024-09-04,69.19999694824219,71.45999908447266,68.81999969482422,70.27999877929688,482025.0,73.08103811743996,74.67647274096022,33.72384739561703,-1.5309783953476028,-1.103355722648293,-0.42762267269930976,2.6399993896484375,14.229273872014854,34.66969803363224,16.6272969872419
2024-09-05,69.1500015258789,70.81999969482422,68.75,69.2699966430664,405596.0,72.29483079912775,74.17406626686191,30.215201083192525,-1.7728634259278664,-1.2372572633042078,-0.5356061626236586,2.0699996948242188,14.070375733839347,34.47796261511451,19.137691270521035
2024-09-06,67.66999816894531,70.12999725341797,67.16999816894531,69.33000183105469,351074.0,71.36986427309127,73.58278734886949,30.255061181065827,-2.0602338638196045,-1.4018525834072872,-0.6583812804123172,2.9599990844726562,13.938078257425843,34.67923097551399,21.944887372214993
2024-09-09,68.70999908447266,68.95999908447266,67.30999755859375,68.12999725341797,351074.0,70.83789123536755,73.13980659756068,36.837210127570486,-2.1789401582075953,-1.5572700983673489,-0.6216700598402465,1.6500015258789062,14.35491185559472,31.814320795786642,24.625357047959714
2024-09-10,65.75,69.08000183105469,65.2699966430664,68.77999877929688,442855.0,69.82031298829405,72.46800599778243,32.82222002302413,-2.483237721424402,-1.7424636229787596,-0.7407740984456423,3.8100051879882812,13.47956305748756,33.53840264676127,26.075456677732966
2024-09-11,67.30999755859375,67.97000122070312,65.62999725341797,66.27999877929688,393311.0,69.318249902354,71.99909613967436,40.20356044739683,-2.568904238114712,-1.90775174600595,-0.6611524921087617,2.3400039672851562,13.610609535692712,28.355409061652434,26.212524458889796
2024-09-12,68.97000122070312,69.80999755859375,67.23999786376953,67.38999938964844,351976.0,69.24860016602383,71.72372387431334,41.639074860556775,-2.474324672867752,-2.0210663313783104,-0.45325834148944155,2.5699996948242188,18.268731316493835,27.881058439616773,26.458041417045894
2024-09-13,68.6500015258789,70.31999969482422,68.47000122070312,69.30999755859375,308983.0,69.12888043799485,71.4442945699102,36.36364248526898,-2.3975534828982177,-2.096363761682292,-0.3011897212159256,1.8499984741210938,15.669448075701927,28.172810372208783,28.266334052666917
2024-09-16,70.08999633789062,70.69999694824219,68.6500015258789,69.16000366210938,295176.0,69.32110361797402,71.3211765488175,32.961416775438394,-2.1952111868596376,-2.1161332467177614,-0.07907794014187619,2.0499954223632812,10.095765070609989,28.727788653056077,30.446034031752962
2024-09-17,71.19000244140625,71.91999816894531,69.61000061035156,70.5,251629.0,69.69488338266046,71.30925162996193,39.52704419374817,-1.9239144715989909,-2.077689491694007,0.1537750200950163,2.30999755859375,13.34965694689792,28.54814567124154,32.28523386626882
2024-09-18,70.91000366210938,71.4800033569336,69.7300033569336,71.13999938964844,102907.0,69.93790743855025,71.27295636015715,40.970508726472076,-1.711771198770606,-2.004505833109327,0.29273463433872093,1.75,13.489020484294661,24.50550940773474,34.063489823974336
2024-09-19,71.94999694824219,72.48999786376953,70.12999725341797,70.12999725341797,86630.0,70.34032534048865,71.33450550452852,39.91851619925617,-1.4430922904099077,-1.8922231245694432,0.4491308341595355,2.3600006103515625,13.816131599611943,24.846811752667367,35.98442418544169
2024-09-20,71.91999816894531,72.4000015258789,71.36000061035156,72.0999984741211,306997.0,70.65625990617998,71.38773211038459,45.29172411118202,-1.2185364410067194,-1.7574857878568986,0.5389493468501791,1.0400009155273438,14.713706518004779,24.41412553486096,35.71516314527111
2024-09-23,70.37000274658203,71.80999755859375,69.48999786376953,71.30999755859375,338267.0,70.5990084742604,71.29521125912981,50.09586720454352,-1.1523622742724342,-1.6364610851400059,0.48409881086757167,2.4300003051757812,15.582755795630991,21.489172396502223,33.85540899687056
2024-09-24,71.55999755859375,72.4000015258789,70.44000244140625,70.76000213623047,318516.0,70.79120629112707,71.31928274089925,57.51593427633408,-0.9924557224623243,-1.5076600126044697,0.5152042901421454,2.029998779296875,17.777050625747176,17.80911265404192,30.876034685305918
2024-09-25,69.69000244140625,71.72000122070312,69.2300033569336,71.54000091552734,476237.0,70.57096552118291,71.17116635003624,51.54110014069977,-1.0050361744384588,-1.4071352449712675,0.4020990705328087,2.4899978637695312,17.54107310185049,21.175741804308437,28.544050871932736
2024-09-26,67.66999816894531,70.01000213623047,66.94999694824219,69.88999938964844,478069.0,69.9907720507354,70.85287833357343,50.0,-1.16457919217234,-1.3586240344114822,0.1940448422391421,3.0600051879882812,17.485804857716865,23.31445455126717,26.517175208587172
2024-09-27,68.18000030517578,68.6500015258789,67.05999755859375,67.44999694824219,341133.0,69.62861770162348,70.60988942190092,48.48830782220404,-1.2356217941486136,-1.3340235863589085,0.09840179221029488,1.5900039672851562,17.518920556541072,23.358608907412215,24.83643969602048
2024-09-30,68.16999816894531,69.31999969482422,67.56999969482422,68.62999725341797,350115.0,69.33689379508785,70.38808112617768,58.29904114434744,-1.2779986835541308,-1.322818605797953,0.04481992224382214,1.75,20.999301196980284,18.095907301577164,22.31961079185283
2024-10-01,69.83000183105469,71.94000244140625,66.33000183105469,68.41000366210938,668216.0,69.43551540228121,70.33734664480286,58.58312510134419,-1.1642139180647746,-1.2910976682513173,0.12688375018654274,5.6100006103515625,26.87745972009006,16.296772086390078,21.560457782059864
2024-10-02,70.0999984741211,72.48999786376953,69.87000274658203,70.80000305175781,429225.0,69.56841201664919,70.31576953837725,54.25131103450454,-1.0402607209488508,-1.240930278790824,0.20066955784197327,2.6599960327148438,22.89265130516333,16.252301195025208,21.284382829221222
2024-10-03,73.70999908447266,74.08999633789062,70.5199966430664,70.9800033569336,460554.0,70.39672943021388,70.62433586074957,65.25935360845804,-0.6433143130271333,-1.121407085638086,0.47809277261095273,3.9899978637695312,24.6013467012857,15.26198458132171,20.920774236220556
2024-10-04,74.37999725341797,75.56999969482422,73.45999908447266,73.94999694824219,428815.0,71.1933829948547,70.96575962371942,63.5673739665204,-0.27153805046003754,-0.9514332786024764,0.6798952281424389,2.1100006103515625,27.686179020119436,15.235952794910903,19.56470253877263
2024-10-07,77.13999938964844,77.4000015258789,73.62000274658203,74.4000015258789,419018.0,72.38270627381345,71.52705414789479,67.0291978517145,0.2430052094323969,-0.7125455809955018,0.9555507904278987,3.779998779296875,28.240103801395108,14.62485134130579,19.242415912894426
2024-10-08,73.56999969482422,78.45999908447266,72.69000244140625,77.33000183105469,496760.0,72.62016495801561,71.71277647034292,56.406545554239486,0.3585818025309919,-0.49832010429020307,0.8569019068211949,5.769996643066406,28.05506896095033,13.179268456025834,19.748223815776274
2024-10-09,73.23999786376953,74.44999694824219,71.52999877929688,73.83999633789062,401159.0,72.74413153916639,71.85161477883625,53.21696062356331,0.4187219296605065,-0.31491169750006115,0.7336336271605677,2.9199981689453125,25.22435751535224,15.813758373737857,19.348294830709158
2024-10-10,75.8499984741211,76.23999786376953,73.26000213623047,73.38999938964844,321453.0,73.36530492615734,72.21510420568032,58.68316566981069,0.6692736798936068,-0.11807462202132758,0.7873483019149343,3.0,28.22413499808073,15.096116427506876,19.74207821789361
2024-10-11,75.55999755859375,76.04000091552734,74.52999877929688,75.73999786376953,315302.0,73.80424345264463,72.51918541958153,62.14317769061078,0.8348138820581852,0.07250307879457496,0.7623108032636102,1.5100021362304688,28.83842774897828,11.000732255880564,21.802218252556333
2024-10-14,73.83000183105469,75.08000183105469,71.80999755859375,75.05000305175781,273455.0,73.80939512832664,72.63835054789728,55.180291859984095,0.816991715949726,0.22140080622560518,0.5955909097241208,3.75,26.369627273100946,16.75383208428513,23.388517952711855
2024-10-15,70.58000183105469,72.12000274658203,69.70999908447266,71.51000213623047,328738.0,73.16351646887226,72.45122793727522,51.910689272465916,0.5344587742299893,0.284012399826482,0.2504463744035073,4.120002746582031,25.42743922782906,18.106114134865678,23.919220123890387
2024-10-16,70.38999938964844,71.30999755859375,69.63999938964844,70.98999786376953,222437.0,72.6088130530275,72.2638435238546,56.337372716070725,0.2918534681638363,0.28558061349395286,0.006272854669883421,1.6699981689453125,26.22654215383193,13.678506977541668,25.144856928975646
2024-10-17,70.66999816894531,71.11000061035156,69.44000244140625,70.68000030517578,188161.0,72.22105007621107,72.11894849159012,55.864336952533534,0.12078820542727442,0.25262213188061716,-0.13183392645334274,1.6699981689453125,26.17919456234625,14.10517133943513,26.265297466672774
2024-10-18,69.22000122070312,71.2300033569336,68.69000244140625,70.75,95768.0,71.62084030510948,71.85540783060038,52.31584282436372,-0.13028306131074885,0.17604109324234396,-0.3063241545530928,2.5400009155273438,24.235038855786822,15.521067452319658,27.300447726978668
2024-10-21,70.55999755859375,71.02999877929688,69.0,69.45999908447266,92584.0,71.40867175580634,71.73764326041795,51.63310073057883,-0.21861231671468317,0.09711041125093854,-0.31572272796562173,2.029998779296875,20.014450282868328,16.859349355066087,26.161128719897498
2024-10-22,72.08999633789062,72.66000366210938,70.05000305175781,70.48999786376953,330456.0,71.5449366722232,71.76967535837001,54.21431269669286,-0.16327365617026146,0.045033597766698547,-0.20830725393696,2.6100006103515625,22.64289479179219,16.87967466063723,25.991029348101893
2024-10-23,70.7699966430664,71.72000122070312,70.12999725341797,71.3499984741211,293835.0,71.38994866639185,71.67879547516058,43.10505737435649,-0.2233556082519641,-0.008644243437033985,-0.2147113648149301,1.9599990844726562,19.75154556194154,17.74848103648356,24.699104197718135
2024-10-24,70.19000244140625,72.33999633789062,69.7699966430664,71.0199966430664,286571.0,71.14995942139473,71.54345065391018,40.13189552287616,-0.31415034339711667,-0.06974546342905052,-0.24440487996806615,2.5699996948242188,17.36842447433655,17.543862332812978,22.663101932301892
2024-10-25,71.77999877929688,71.91999816894531,69.95999908447266,70.33000183105469,287189.0,71.27596729297515,71.56495502894533,36.640066451096146,-0.25486844405349984,-0.1067700595539404,-0.14809838449955945,1.9599990844726562,13.39285517511647,18.38235574020866,21.51591346931087
2024-10-28,67.37999725341797,69.0,66.91999816894531,68.9800033569336,419623.0,70.49677328506372,71.1845043220792,35.18428160923739,-0.5565153005460957,-0.19671910775237147,-0.3597961927937242,4.8600006103515625,10.868983359010958,27.011034194549776,21.982869614299574
2024-10-29,67.20999908447266,68.5199966430664,66.72000122070312,68.0199966430664,291929.0,69.83941844494551,70.82318566411497,35.455850312095166,-0.8000673605567812,-0.3173887583132534,-0.48267860224352777,1.7999954223632812,11.206661382878197,25.187227058640527,23.08881495086274
2024-10-30,68.61000061035156,69.16999816894531,67.27999877929688,67.47000122070312,284795.0,69.59353487802672,70.62198702286375,31.45490581870868,-0.8700858914288574,-0.42792818493637425,-0.44215770649248315,1.9599990844726562,8.28335327305653,25.935434522525348,24.608911933965555
2024-10-31,69.26000213623047,70.80999755859375,68.30000305175781,69.0999984741211,311055.0,69.52682832966747,70.498170214988,34.15492673970884,-0.8631762324530712,-0.5149777944397137,-0.3481984380133575,2.5099945068359375,12.60761613432146,25.215211081757857,23.791699069520956
2024-11-01,69.48999786376953,71.44999694824219,69.31999969482422,70.44000244140625,320572.0,69.51946223648788,70.40651818305903,38.19366643407644,-0.8295786782671826,-0.5778979712052075,-0.2516807070619751,2.1899948120117188,15.036293348050284,18.461527899459366,22.929338574964284
2024-11-04,71.47000122070312,71.80999755859375,70.25,70.29000091552734,286947.0,69.90957003333094,70.50319845920849,52.60081867798665,-0.6358529343688133,-0.5894889638379287,-0.04636397053088459,2.3199996948242188,16.967854640894796,13.047464912940724,22.66102684283192
2024-11-05,71.98999786376953,72.66999816894531,71.29000091552734,71.62000274658203,247311.0,70.32565559941865,70.63836204144131,54.587156966664665,-0.43534610441042787,-0.5586603919524286,0.12331428754200069,1.3799972534179688,19.777521421143103,12.948076936225432,21.90560428285158
2024-11-06,71.69000244140625,72.62999725341797,69.73999786376953,72.0199966430664,388265.0,70.59852496781618,70.7339657141654,52.920978416562015,-0.297223908313498,-0.5063730952246425,0.20914918691114448,2.8899993896484375,19.058980164243383,16.497928497669488,20.279225775479144
2024-11-07,72.36000061035156,72.87999725341797,70.66000366210938,71.87000274658203,353595.0,70.95082009632326,70.88178706836413,59.412480937922815,-0.13217419808449904,-0.4315333157966138,0.29935911771211476,2.2199935913085938,19.994008419867548,14.401698746011826,19.874952173329994
2024-11-08,70.37999725341797,72.25,69.98999786376953,72.20999908447266,362038.0,70.8366555277422,70.83616981245993,49.48036816707156,-0.15930447412104343,-0.37708754746149975,0.21778307334045632,2.3700027465820312,19.791685588789868,16.25003178916698,19.965670432655628
2024-11-11,68.04000091552734,70.55999755859375,67.91999816894531,70.25,364506.0,70.27732460529923,70.58197264001151,38.83066893402566,-0.36541132732475035,-0.3747523034341499,0.009340976109399546,2.6399993896484375,14.927149775814053,22.390758693160628,20.35266858529494
2024-11-12,68.12000274658203,69.12999725341797,67.75,68.1500015258789,286926.0,69.8458602335558,70.35815719515429,42.15513207131254,-0.5163449115190275,-0.40307082505112546,-0.11327408646790205,1.3799972534179688,15.189109878608267,23.298066495134034,21.476078666304748
2024-11-13,68.43000030517578,68.86000061035156,66.94000244140625,67.9800033569336,386027.0,69.56268824787979,70.18287020515625,44.70516407571561,-0.603984297179224,-0.4432535194767452,-0.1607307777024788,1.9199981689453125,13.580263774778189,26.265462194550206,23.714169491181462
2024-11-14,68.69999694824219,69.38999938964844,67.91999816894531,68.12999725341797,232270.0,69.39014998795227,70.04806354543679,39.93462650842725,-0.644226427840124,-0.48344810114942094,-0.16077832669070302,1.470001220703125,15.449716246535568,26.66878501490973,24.495199463865884
2024-11-15,67.0199966430664,68.69000244140625,66.81999969482422,68.62000274658203,205235.0,68.9161193189751,69.77278473613039,48.569153439538496,-0.8024306693367294,-0.5472446147868827,-0.25518605454984666,1.8799972534179688,17.04115262259722,22.710012291961647,22.47000185214657
2024-11-18,69.16000366210938,69.38999938964844,66.61000061035156,66.86000061035156,110375.0,68.96489618760197,69.71707736576484,56.70104876679057,-0.7465225417043087,-0.5871002001703679,-0.15942234153394075,2.779998779296875,18.823143792916976,21.297253313471213,20.166581507351534
2024-11-19,69.38999938964844,69.69000244140625,68.44999694824219,69.01000213623047,89360.0,69.04991682801126,69.6873430042997,52.91479590498488,-0.6758652606877007,-0.6048532122738345,-0.07101204841386621,1.2400054931640625,18.088394922201815,21.82256666184874,17.150175944249114
2024-11-20,68.87000274658203,70.1500015258789,68.75,69.55000305175781,235637.0,69.01393401172542,69.61303934450719,48.52830249518916,-0.6542860375638924,-0.6147397773318461,-0.039546260232046215,1.4000015258789062,14.601141149300366,22.685205814427388,16.317871344526072
2024-11-21,70.0999984741211,70.37999725341797,68.86000061035156,69.04000091552734,283850.0,69.23114690420456,69.65730835629027,52.14035531065321,-0.5318036703832689,-0.5981525559421308,0.06634888555886187,1.5199966430664062,13.462226826643716,23.239713395173855,17.49037124521318
2024-11-22,71.23999786376953,71.51000213623047,69.29000091552734,70.18000030517578,408207.0,69.63291709611757,69.80118922060656,49.14241727556832,-0.3388411388551731,-0.5462902725247393,0.2074491336695662,2.220001220703125,16.331016950336284,23.324808112694942,17.817152002328676
2024-11-25,68.94000244140625,71.4800033569336,68.73999786376953,71.44000244140625,380922.0,69.4943341651753,69.72289951340653,39.96050188324248,-0.3672736491130735,-0.5104869478424061,0.14321329872933264,2.7400054931640625,12.556674935614506,24.136750053355204,18.580736106121606
2024-11-26,68.7699966430664,70.30000305175781,68.05000305175781,69.08000183105469,292138.0,69.34946666075354,69.63627197973925,40.3054191534406,-0.398926093779707,-0.48817477702986634,0.08924868325015933,2.25,12.843377206209778,21.619685417431057,19.885247233575566
2024-11-27,68.72000122070312,69.37000274658203,68.18000030517578,68.91000366210938,227215.0,69.22357357274346,69.55297463800869,37.39611280946891,-0.4231670901739477,-0.47517323965868263,0.05200614948473492,1.19000244140625,12.407398250043444,22.444429060072988,20.780990742782347
2024-11-29,68.0,69.69000244140625,67.87000274658203,68.7699966430664,291408.0,68.97885885819477,69.41179512546245,40.97116861270476,-0.494772901648048,-0.4790931720565557,-0.015679729591492275,1.8199996948242188,13.87522697084245,20.378037154712267,21.43513058271273
2024-12-02,68.0999984741211,69.11000061035156,67.70999908447266,68.0,264883.0,68.80308678138003,69.29254088443142,50.27421219784005,-0.537258797013834,-0.4907262970480114,-0.04653249996582265,1.4000015258789062,14.557704052203082,13.804025389746654,20.196366734209708
2024-12-03,69.94000244140625,70.2300033569336,67.91000366210938,68.16000366210938,303752.0,69.03046991338528,69.35140102597458,57.16535915555147,-0.41764191653962257,-0.4761094209463337,0.05846750440671111,2.3199996948242188,18.317396705619842,12.657730018141322,19.996538668297838
2024-12-04,68.54000091552734,70.51000213623047,68.48999786376953,70.0199966430664,325636.0,68.93237611381369,69.27763737957028,50.39884214614586,-0.4308465687562659,-0.4670568505083202,0.03621028175205426,2.0200042724609375,19.314273324571403,9.523803987744147,20.147539902395696
2024-12-05,68.30000305175781,69.16000366210938,67.9800033569336,68.73999786376953,286701.0,68.80590150140252,69.18876153158733,48.54653322613734,-0.4554272903234988,-0.46473093847135594,0.009303648147857113,1.1800003051757812,17.48843762370942,11.594733604672385,19.69240306562955
2024-12-06,67.19999694824219,68.48999786376953,66.9800033569336,68.44000244140625,341593.0,68.48472059077045,69.00796475128323,50.682853949195646,-0.5572454104606237,-0.4832338328692095,-0.07401157759141419,1.5099945068359375,17.7413007351525,11.37160888622816,20.23657484253058
2024-12-09,68.37000274658203,68.87999725341797,67.08000183105469,67.1500015258789,297085.0,68.46177702193278,68.94996820540129,46.76494277328825,-0.5373332709801417,-0.494053720491396,-0.04327955048874571,1.7999954223632812,17.188142790224582,11.824441521377024,21.116631033631887
2024-12-10,68.58999633789062,69.05999755859375,67.72000122070312,68.19000244140625,286003.0,68.48742088512435,68.91724349017305,46.72129814805782,-0.4980597895052483,-0.4948549342941665,-0.003204855211081825,1.339996337890625,16.632945215017095,11.776593041411466,21.669333495944297
2024-12-11,70.29000091552734,70.52999877929688,68.44000244140625,68.5,335892.0,68.84793689120495,69.04203961975071,55.30641872473976,-0.3260011720196445,-0.46108418183926214,0.13508300981961763,2.089996337890625,20.157495972039165,11.456680047146065,22.086537029923953
2024-12-12,70.0199966430664,70.72000122070312,69.13999938964844,70.43000030517578,326046.0,69.08234884157724,69.1309448036885,49.6779317851781,-0.20902110117145867,-0.41067156570570146,0.2016504645342428,1.5800018310546875,19.95290511831705,11.429678465658583,22.12359800758298
2024-12-13,71.29000091552734,71.41999816894531,69.87000274658203,70.05999755859375,230429.0,69.52387925636727,69.32722263203748,50.19921505499235,-0.013677159528015181,-0.3312726844701642,0.31759552494214904,1.5499954223632812,18.75757476900994,11.738591451505782,22.50786418788682
2024-12-16,70.70999908447266,71.44000244140625,70.37000274658203,71.44000244140625,204296.0,69.76110322198835,69.45292958225885,58.17171100229445,0.09325800092931047,-0.2463665473902693,0.3396245483195798,1.0699996948242188,20.19899794844414,10.207587621762661,22.600747818471707
2024-12-17,70.08000183105469,70.91999816894531,69.18000030517578,70.61000061035156,99604.0,69.82488294380163,69.5099361503312,55.80160899577985,0.12572014915251373,-0.1719492080817127,0.29766935723422644,1.7399978637695312,20.654616647140443,12.649281129029646,22.498704500208696
2024-12-18,70.58000183105469,71.37999725341797,69.98999786376953,70.22000122070312,99386.0,69.97590672125224,69.60721484857879,57.92162403138054,0.18960678779858142,-0.09963800890565389,0.2892447967042353,1.3899993896484375,22.490174763776235,12.538372773643282,22.470946987961167
2024-12-19,69.91000366210938,71.26000213623047,69.69999694824219,70.13999938964844,291660.0,69.96272610942367,69.6347411043543,58.169378828560134,0.1840525135706912,-0.042899904410384875,0.22695241798107607,1.5600051879882812,21.33041149356221,13.968972199892274,22.604504269804078
2024-12-20,69.45999908447266,69.8499984741211,68.41999816894531,69.2300033569336,231592.0,69.86218070443347,69.61885546618325,55.6478319001844,0.14170560861120407,-0.005978801806067085,0.14768441041727115,1.4900054931640625,21.245613686276084,18.860416065003545,22.839493584112187
2024-12-23,69.23999786376953,69.94000244140625,68.58999633789062,69.4000015258789,188843.0,69.73774413630069,69.58441386596381,46.64105967829207,0.08936300041179379,0.01308955863750509,0.0762734417742887,1.350006103515625,17.44350128330159,19.70464699524351,21.969149518268985
2024-12-24,70.0999984741211,70.43000030517578,69.36000061035156,69.55999755859375,122602.0,69.81019500386478,69.6312851939781,57.894708392471316,0.11593948996552683,0.03365954490310944,0.0822799450624174,1.19000244140625,19.145903043704283,20.489430870497962,19.786286896919336
2024-12-26,69.62000274658203,70.75,69.33000183105469,70.19999694824219,144877.0,69.77215655240823,69.63025951694209,56.521726019280024,0.09715002072427126,0.04635764006734181,0.050792380656929446,1.4199981689453125,20.445950538491356,17.836827184394338,18.825601136169755
2024-12-27,70.5999984741211,70.75,69.44000244140625,69.68000030517578,172641.0,69.93772493675081,69.71841760395836,66.9999946594279,0.15949810119963104,0.06898573229379966,0.09051236890583138,1.30999755859375,20.641790014042034,13.218402774352223,18.828770582743182
2024-12-30,70.98999786376953,71.55999755859375,70.12000274658203,70.41999816894531,199296.0,70.14817952215456,69.83401580939574,64.20821458951878,0.23763973264145477,0.10271653236333068,0.1349232002781241,1.4399948120117188,23.050702391473518,13.450305008519864,19.38693012111218
2024-12-31,71.72000122070312,72.0199966430664,70.87000274658203,71.1500015258789,151155.0,70.46254386186428,70.0054690286055,66.0842823672581,0.3543875494792843,0.15305073578652142,0.20133681369276288,1.149993896484375,24.643401697681497,13.576010444730406,20.234317446678737
2025-01-02,73.12999725341797,73.7300033569336,71.79000091552734,71.8499984741211,306498.0,70.99603454017502,70.289517049043,65.04234959428442,0.5542963481929633,0.2332998582678098,0.32099648992515345,2.0100021362304688,25.925963601948304,13.629640178915896,20.488909727569673
2025-01-03,73.95999908447266,74.3499984741211,72.69999694824219,73.12999725341797,296040.0,71.58882744903455,70.62319723408206,69.70001220703125,0.7708142556659681,0.34080273774744146,0.4300115179185266,1.6500015258789062,27.95275782716943,13.582687882291056,21.020197343624776
2025-01-06,73.55999755859375,74.98999786376953,73.19999694824219,74.05000305175781,306042.0,71.9830614709464,70.89017908176494,62.431529714954706,0.8997576311867732,0.4525937164353078,0.4471639147514654,1.7900009155273438,27.334636811596678,13.424131516479079,21.813976812878355
2025-01-07,74.25,74.52999877929688,73.11000061035156,73.44000244140625,277328.0,72.43644917675712,71.19561734705904,69.15585353871052,1.0455709249270768,0.5711891581336617,0.47438176679341515,1.4199981689453125,26.781432297253712,13.629832496325777,21.791478774128628
2025-01-08,73.31999969482422,75.29000091552734,73.16000366210938,74.5199966430664,328617.0,72.61315928037054,71.38874301503769,66.98111924966432,1.0737087127730973,0.6716930690615488,0.4020156437115485,2.1299972534179688,29.8591535170071,7.793407487694469,24.2605030487397
2025-01-09,73.91999816894531,74.31999969482422,72.83999633789062,73.31999969482422,213421.0,72.8745270580855,71.61885711993838,67.32363355477574,1.1313811175649846,0.763630678762236,0.3677504388027486,1.4800033569335938,27.582980784561165,9.256674647983276,25.784473888026728
2025-01-10,76.56999969482422,77.86000061035156,74.0199966430664,74.29000091552734,478432.0,73.61362158543325,72.06896099038255,78.6574632466152,1.3750689511037848,0.8859183332305458,0.489150617873239,3.94000244140625,39.71392824839789,7.109811264797396,29.268566453305198
2025-01-13,78.81999969482422,79.2699966430664,76.54000091552734,76.54000091552734,460942.0,74.65489720731145,72.68269178169542,84.87333043014554,1.729809345459202,1.0546965356762772,0.6751128097829249,2.7299957275390625,43.38265036865755,1.639359264942299,35.46644439852545
2025-01-14,77.5,79.08999633789062,77.41000366210938,78.81999969482422,326729.0,75.22391776584917,73.12062889245038,78.4435401029338,1.8827278058889192,1.2203027897188057,0.6624250161701135,1.67999267578125,42.462519893947125,1.6180109244340124,41.650159263722585
2025-01-15,80.04000091552734,80.7699966430664,77.23999786376953,78.02999877929688,321422.0,76.18713439578481,73.7496627127301,80.67902566020177,2.1837012846051067,1.412982488696066,0.7707187959090407,3.529998779296875,43.17198951508654,1.4812283114713884,48.077010290528776
2025-01-16,78.68000030517578,80.58999633789062,77.87000274658203,80.4000015258789,159948.0,76.68570757766301,74.19787522113425,76.5222382532798,2.2861311547438135,1.5876122219056155,0.698518932838198,2.7199935913085938,40.1311530479565,1.414782768714609,54.24657538155181
2025-01-17,77.87999725341797,79.44000244140625,77.76000213623047,78.75,112409.0,76.92456551281401,74.5326135877055,71.5384462588449,2.276511793547087,1.7253921362339097,0.5511196573131771,1.6800003051757812,39.62523655041903,1.7717366439994178,59.21204813712802
2025-01-21,75.88999938964844,78.47000122070312,75.48999786376953,78.19000244140625,568807.0,76.7176522881809,74.65601229697303,63.24324190573124,2.084285834319644,1.7971708758510567,0.28711495846858726,2.9800033569335938,35.02753400256668,9.032081509341506,61.54768394796579
2025-01-22,75.44000244140625,76.44999694824219,75.27999877929688,75.87999725341797,315333.0,76.46212231882598,74.72728412828513,60.20856468570413,1.8740317127367234,1.8125430432281902,0.06148866950853327,1.1699981689453125,33.51667582391815,9.705625218132642,63.414271148702355
2025-01-23,74.62000274658203,76.0,74.13999938964844,75.38999938964844,350688.0,76.0936984043772,74.71753127540303,54.22576596849576,1.6225331322770842,1.774541061037969,-0.15200792876088487,1.8600006103515625,28.12092843520704,13.459066271836237,63.71253152385157
2025-01-24,74.66000366210938,75.20999908447266,74.01000213623047,74.30000305175781,319679.0,75.80695945592363,74.71230149237634,52.07839790001418,1.4101906350669964,1.7016709758437747,-0.2914803407767783,1.1999969482421875,26.492918075206592,14.087782137993702,63.42481214894586
2025-01-27,73.16999816894531,75.1500015258789,72.37999725341797,74.54000091552734,334418.0,75.27956719852797,74.57209209933715,48.91243943931421,1.1088940450908211,1.583115589693184,-0.474221544602363,2.7700042724609375,23.61777813105838,18.85590239637222,61.78784720625519
2025-01-28,73.7699966430664,74.30999755859375,72.93000030517578,73.1500015258789,326075.0,74.97765308743567,74.49917433058526,48.654699410903106,0.9080616201665492,1.4481047957878572,-0.540043175621308,1.3799972534179688,23.648009593754683,18.59205009377446,60.3182181865035
2025-01-29,72.62000274658203,74.08000183105469,72.33000183105469,73.94999694824219,312733.0,74.50612301926495,74.32834055022133,48.06202369083628,0.6486285932821971,1.2882095552867252,-0.6395809620045281,1.75,21.477162101344202,20.764541268565917,56.25274925261878
2025-01-30,72.7300033569336,73.83999633789062,72.0199966430664,73.0,336475.0,74.15089908679869,74.18303716901335,46.61356052168211,0.44675229790760795,1.1199181038109018,-0.6731658059032939,1.8199996948242188,21.243193493621593,20.50628795906868,52.825529701726296
2025-01-31,72.52999877929688,73.83999633789062,71.94000244140625,73.19999694824219,376335.0,73.82671902529833,74.03276095176639,36.64021103950986,0.26754113382364153,0.9494427098134498,-0.6819015759898083,1.899993896484375,10.593071499544774,22.21463437854645,50.38207800733282
2025-02-03,73.16000366210938,75.18000030517578,72.05000305175781,74.13999938964844,517853.0,73.69337595266055,73.9534193799794,29.03706357768668,0.17434142459391921,0.7944224527695437,-0.6200810281756245,3.1299972534179688,10.213076230018299,21.91413067148013,46.360898938777304
2025-02-04,72.69999694824219,73.3499984741211,70.66999816894531,72.3499984741211,452961.0,73.49470015177688,73.8394718861851,31.01266816035229,0.06263922024967883,0.6480658062655708,-0.5854265860158919,2.6800003051757812,9.878985312472157,25.711521889036053,42.91993025362591
2025-02-05,71.02999877929688,72.97000122070312,70.95999908447266,72.76000213623047,289902.0,73.00175987728089,73.58406524010435,11.724753503392392,-0.15880981623503487,0.48669068176544966,-0.6455004980004846,2.0100021362304688,4.612752255990587,27.056838356567322,41.31306459368435
2025-02-06,70.61000061035156,71.8499984741211,70.43000030517578,71.18000030517578,299037.0,72.52340802389503,73.31369572830864,12.742416226432894,-0.3640041025564784,0.31655172490106404,-0.6805558274575425,1.4199981689453125,4.828844452961264,30.23426784048485,39.83213329040956
2025-02-07,71.0,71.41000366210938,70.47000122070312,70.55999755859375,273766.0,72.21872641911602,73.10335975300785,16.98659584952381,-0.48950959947390515,0.15533946002607021,-0.6448490594999754,0.94000244140625,4.9611412062524325,30.65534280873632,38.45363755789755
2025-02-10,72.31999969482422,72.54000091552734,70.83999633789062,71.0,255941.0,72.23898107425767,73.03214520226388,31.692323583105164,-0.4769625390730994,0.02887906020623629,-0.5058415992793357,1.7000045776367188,9.599695417203117,23.357960101788535,37.221112078065254
2025-02-11,73.31999969482422,73.68000030517578,72.30999755859375,72.48999786376953,266819.0,72.45518479837098,73.05831379249663,39.708735203249084,-0.3819246707924293,-0.05328168599349683,-0.3286429847989325,1.3700027465820312,13.922100146026551,22.36792511953846,34.948497560300424
2025-02-12,71.37000274658203,73.22000122070312,71.16999816894531,73.19999694824219,318123.0,72.23814838801319,72.90483097014076,35.78303699085676,-0.4586676966910801,-0.1343588881330135,-0.3243088085580666,2.1500015258789062,13.768117628847142,22.120529297222806,34.092162727655705
2025-02-13,71.29000091552734,71.5999984741211,70.22000122070312,71.23999786376953,278197.0,72.04851889351602,72.75802823790318,35.30950241353416,-0.5199489291836699,-0.2114768963431448,-0.30847203284052505,1.3799972534179688,13.674243945830145,25.07576653013712,34.01032149103692
2025-02-14,70.73999786376953,72.0199966430664,70.5199966430664,71.5199966430664,207719.0,71.78681468756672,72.57457093116375,38.461544034911164,-0.6059108342205519,-0.2903636839186262,-0.3155471503019257,1.5,16.036606525091237,19.85673859590587,33.96972526608628
2025-02-17,71.38999938964844,71.4800033569336,70.12000274658203,70.69999694824219,207719.0,71.70745162798306,72.46688260920781,38.752385986444494,-0.6145029647722566,-0.35519154008935233,-0.2593114246829043,1.3600006103515625,16.04937746451314,21.46551823671358,34.14599120290866
2025-02-18,71.8499984741211,72.06999969482422,70.12000274658203,70.69999694824219,130937.0,71.73596099721067,72.41080223329084,46.107163134573376,-0.5775367245369125,-0.39966057697886437,-0.17787614755804815,1.9499969482421875,18.253637150663526,18.92530125711695,34.15453146706942
2025-02-19,72.25,73.04000091552734,71.70999908447266,71.77999877929688,69012.0,71.83876879776854,72.39618384844621,47.642423265870505,-0.5100840017805695,-0.4217452619392054,-0.08833873984136403,1.3300018310546875,22.522145071002246,18.049911979163944,34.81580817146204
2025-02-20,72.56999969482422,73.25,71.8499984741211,72.18000030517578,240060.0,71.98501497717967,72.41198528902603,50.19417900022443,-0.42589646269169634,-0.4225755020897036,-0.0033209606019927174,1.4000015258789062,23.848658205737603,18.09207471785052,33.265968711651496
2025-02-21,70.4000015258789,72.7699966430664,70.16999816894531,72.58000183105469,268470.0,71.66801228691952,72.22907767419447,38.34458947878494,-0.528189310641153,-0.44369826379999355,-0.08449104684115949,2.5999984741210938,18.74733019391932,25.556923151916937,31.762329583455205
2025-02-24,70.69999694824219,70.94000244140625,69.80000305175781,69.80000305175781,205468.0,71.47440921918405,72.09007033547154,41.43835079560003,-0.5783827696649837,-0.4706351649729916,-0.10774760469199207,1.1399993896484375,20.04489854280329,22.78643909019244,29.042008338609232
2025-02-25,68.93000030517578,71.26000213623047,68.68000030517578,70.91999816894531,267310.0,70.9655274363824,71.80279124180828,41.08658721641526,-0.7523131860716887,-0.5269707691927311,-0.22534241687895762,2.5800018310546875,19.544215703843182,27.12526378572976,25.140194502737536
2025-02-26,68.62000274658203,69.27999877929688,68.36000061035156,69.11000061035156,255601.0,70.49642249842233,71.51344683315135,41.47386685094033,-0.9047392356676625,-0.6025244624877174,-0.30221477317994505,0.9199981689453125,19.98203401232188,26.79205257991036,21.00470258293928
2025-02-27,70.3499984741211,70.54000091552734,68.61000061035156,68.81999969482422,265933.0,70.4671376935621,71.40767880051223,47.50191321481664,-0.8758455784742836,-0.6571886856850306,-0.21865689278925293,1.9300003051757812,24.53879158403673,25.654168885496592,16.010478228686924
2025-02-28,69.76000213623047,70.29000091552734,69.13999938964844,70.16999816894531,250074.0,70.32571058209577,71.25789001285025,39.576543183797824,-0.8902921865052349,-0.7038093858490715,-0.1864828006561634,1.2099990844726562,20.11391936579069,26.20503145537222,13.967984646751324
2025-03-03,68.37000274658203,70.5999984741211,67.88999938964844,69.94999694824219,332751.0,69.93456901499302,70.99535480682587,30.465652624226223,-1.0023481163418353,-0.7635171319476243,-0.23883098439421102,2.7099990844726562,14.279791037923086,29.925452340118213,14.833705683920707
